{"cameraMode":{"drawMode":0,"name":"Shaded","section":"Shading Mode"},"sceneLighting":true,"audioPlay":false,"sceneViewState":{"showFog":true,"showMaterialUpdate":false,"showSkybox":true,"showFlares":true,"showImageEffects":true,"showParticleSystems":true,"showVisualEffectGraphs":true,"m_FxEnabled":true},"in2DMode":false,"pivot":{"x":-4.180682182312012,"y":-0.062247514724731448,"z":0.25292301177978518},"rotation":{"x":-0.20585723221302033,"y":0.36447209119796755,"z":-0.0829622820019722,"w":-0.9043781161308289},"size":7.6411004066467289,"orthographic":false}