{"cameraMode":{"drawMode":0,"name":"Shaded","section":"Shading Mode"},"sceneLighting":true,"audioPlay":false,"sceneViewState":{"m_AlwaysRefresh":false,"showFog":true,"showSkybox":true,"showFlares":true,"showImageEffects":true,"showParticleSystems":true,"showVisualEffectGraphs":true,"m_FxEnabled":true},"in2DMode":false,"pivot":{"x":-0.13565635681152345,"y":-10.85755729675293,"z":28.80428123474121},"rotation":{"x":-0.2421858310699463,"y":0.11234091222286225,"z":-0.028244316577911378,"w":-0.9632914066314697},"size":15.454182624816895,"orthographic":false}