{"cameraMode":{"drawMode":0,"name":"Shaded","section":"Shading Mode"},"sceneLighting":true,"audioPlay":false,"sceneViewState":{"showFog":true,"showMaterialUpdate":false,"showSkybox":true,"showFlares":true,"showImageEffects":true,"showParticleSystems":true,"showVisualEffectGraphs":true,"m_FxEnabled":true},"in2DMode":false,"pivot":{"x":-7.084662437438965,"y":2.0995664596557619,"z":1.4275027513504029},"rotation":{"x":-0.009559718891978264,"y":0.9887681603431702,"z":-0.07250779122114182,"w":-0.1303635537624359},"size":1.4267017841339112,"orthographic":false}