{"cameraMode":{"drawMode":0,"name":"Shaded","section":"Shading Mode"},"sceneLighting":false,"audioPlay":false,"sceneViewState":{"showFog":true,"showMaterialUpdate":false,"showSkybox":false,"showFlares":true,"showImageEffects":true,"showParticleSystems":true,"showVisualEffectGraphs":true,"m_FxEnabled":true},"in2DMode":false,"pivot":{"x":1.0374794006347657,"y":1.0990829467773438,"z":0.000004291534423828125},"rotation":{"x":0.17274776101112367,"y":-0.585161566734314,"z":0.1293182075023651,"w":0.7816784381866455},"size":72.43091583251953,"orthographic":false}