{"cameraMode":{"drawMode":0,"name":"Shaded","section":"Shading Mode"},"sceneLighting":true,"audioPlay":false,"sceneViewState":{"showFog":true,"showMaterialUpdate":false,"showSkybox":true,"showFlares":true,"showImageEffects":true,"showParticleSystems":true,"showVisualEffectGraphs":true,"m_FxEnabled":true},"in2DMode":false,"pivot":{"x":5.113272666931152,"y":2.7976739406585695,"z":-1.6014540195465088},"rotation":{"x":0.002626703353598714,"y":-0.9953357577323914,"z":0.028384819626808168,"w":0.09220748394727707},"size":4.7821431159973148,"orthographic":false}